{
  "employees": [
    {
      "id": 1,
      "name": "shiv",
      "Salary": "35000"
    },
    {
      "id": 4,
      "name": "Daas",
      "Salary": "15000"
    },
    {
      "id": 7,
      "name": "Luffy",
      "Salary": "50000"
    },
    {
      "id": 9,
      "name": "xyz",
      "Salary": "52000"
    },
    {
      "name": "Nani",
      "Salary": "9000",
      "id": 10
    },
    {
      "name": "Max",
      "Salary": "8000",
      "id": 11
    },
    {
      "name": "Clark",
      "Salary": "15000",
      "id": 13
    },
    {
      "name": "Harry",
      "Salary": "5000",
      "id": 14
    },
    {
      "name": "Harry",
      "Salary": "5000",
      "id": 15
    },
    {
      "name": "Harry",
      "salary": "5000",
      "id": 16
    },
    {
      "name": "Harry1",
      "salary": "5000",
      "id": 17
    },
    {
      "name": "Harry1",
      "salary": "5000",
      "id": 18
    },
    {
      "name": "Harry1",
      "salary": "5000",
      "id": 19
    },
    {
      "name": "Harry1",
      "salary": "5000",
      "id": 20
    }
  ]
}